{"cameraMode":{"drawMode":0,"name":"Shaded","section":"Shading Mode"},"sceneLighting":true,"audioPlay":false,"sceneViewState":{"m_AlwaysRefresh":false,"showFog":true,"showSkybox":true,"showFlares":true,"showImageEffects":true,"showParticleSystems":true,"showVisualEffectGraphs":true,"m_FxEnabled":true},"in2DMode":false,"pivot":{"x":-0.7622089385986328,"y":4.760497093200684,"z":-0.05139350891113281},"rotation":{"x":0.028362462297081949,"y":0.32647040486335757,"z":-0.009795461781322956,"w":0.9447802305221558},"size":19.413936614990236,"orthographic":false}